{"RewardAvg": -2.3690718340736243, "loss": 23.36074447631836, "lr": 0.0005976, "norm": 111.70349884033203, "buffer_size": 64, "_timestamp": 1721813715.3945673, "_runtime": 1353.7368743419647, "_step": 149, "_wandb": {"runtime": 1367}}