{"RewardAvg": -9.017650386881806, "loss": 10.077712059020996, "lr": 0.002988, "norm": 1666.1893310546875, "buffer_size": 64, "_timestamp": 1721806827.6966116, "_runtime": 190.43543767929077, "_step": 76, "_wandb": {"runtime": 190}}