{"RewardAvg": -10.222785340609988, "loss": 59.612552642822266, "lr": 0.0005976, "norm": 265.9573974609375, "buffer_size": 64, "_timestamp": 1721807625.1700284, "_runtime": 687.9499413967133, "_step": 255, "_wandb": {"runtime": 687}}