{"RewardAvg": -2.6244217791673328, "loss": 69.42443084716797, "lr": 0.0005976, "norm": 27.49972915649414, "buffer_size": 64, "_timestamp": 1721811074.1251497, "_runtime": 194.12438368797302, "_step": 40, "_wandb": {"runtime": 194}}