{"RewardAvg": -1.558772709549068, "loss": 49.823455810546875, "lr": 0.0005976, "norm": 56.7779426574707, "buffer_size": 64, "_timestamp": 1721808196.664735, "_runtime": 223.23387598991394, "_step": 34, "_wandb": {"runtime": 223}}