{"RewardAvg": -7.413069181813639, "loss": 108.26058959960938, "lr": 0.0005976, "norm": 277.7716979980469, "buffer_size": 64, "_timestamp": 1721825035.8401327, "_runtime": 9786.87032365799, "_step": 498, "_wandb": {"runtime": 9786}}